{"train/rewards/rejected":-0.8020405769348145,"train/rewards/accuracies":0.800000011920929,"train_runtime":3818.6676,"train/logits/chosen":2.310755491256714,"_wandb":{"runtime":3844},"train/rewards/chosen":-0.21188005805015564,"train/logps/chosen":-199.6400146484375,"train/logits/rejected":2.3613405227661133,"train/logps/rejected":-204.37950134277344,"train_loss":0.521191057971621,"_step":227,"train_steps_per_second":0.059,"_timestamp":1.7643162009502065e+09,"traindata/score_threshold":-150.67304000000001,"total_flos":0,"train/learning_rate":3.81905480802185e-10,"train_samples_per_second":1.888,"train/loss":0.4465,"train/global_step":226,"_runtime":3844,"train/epoch":2,"train/rewards/margins":0.5901604890823364,"traindata/num_datapoints":3604,"train/grad_norm":65.19459533691406}