{"train/logps/chosen":-323.6408996582031,"train/rewards/rejected":-0.5980058908462524,"train/rewards/chosen":0.2529754638671875,"train_loss":0.488079816747124,"traindata/score_threshold":-574.06,"_runtime":13040,"_timestamp":1.7640742404686518e+09,"_wandb":{"runtime":13040},"train/rewards/margins":0.8509813547134399,"train/grad_norm":28.53099250793457,"train/rewards/accuracies":0.78125,"train/epoch":2,"train/logits/rejected":2.3751397132873535,"_step":695,"train/global_step":694,"traindata/num_datapoints":11104,"train/loss":0.4097,"train/learning_rate":3.30684965792523e-11,"train_steps_per_second":0.053,"total_flos":0,"train/logps/rejected":-357.2369384765625,"train_runtime":12974.0917,"train/logits/chosen":2.259049892425537,"train_samples_per_second":1.712}