{"train_steps_per_second":0.059,"train/rewards/rejected":-0.8438938856124878,"train/loss":0.4048,"train/logps/rejected":-341.21136474609375,"total_flos":0,"train/logps/chosen":-343.02789306640625,"train_loss":0.4686180992783712,"train/global_step":448,"traindata/num_datapoints":7164,"traindata/score_threshold":-574.06,"train/logits/chosen":2.328815221786499,"train/rewards/accuracies":0.8214285969734192,"train/rewards/chosen":-0.03938816115260124,"train/logits/rejected":2.249387264251709,"train_samples_per_second":1.885,"train/learning_rate":9.719008345284984e-11,"train/rewards/margins":0.8045057058334351,"_timestamp":1.7640445657649715e+09,"_step":449,"train/epoch":2,"train_runtime":7600.2729,"_runtime":7644,"_wandb":{"runtime":7644},"train/grad_norm":38.154415130615234}