{"train_steps_per_second":0.164,"_runtime":134,"train/rewards/accuracies":1,"_wandb":{"runtime":134},"train/logps/rejected":-384.291015625,"_step":25,"total_flos":0,"train/epoch":2,"train_samples_per_second":3.448,"train/rewards/margins":5.61577844619751,"train_runtime":12.181,"train_loss":0.3656670469790697,"train/logps/chosen":-226.10812377929688,"traindata/num_datapoints":21,"train/rewards/rejected":-1.8979341983795166,"traindata/score_threshold":-551.044,"train/logits/chosen":1.9882445335388184,"train/global_step":2,"train/loss":0.0382,"train/rewards/chosen":3.717844009399414,"_timestamp":1.7639592369431846e+09,"train/learning_rate":5e-05,"train/logits/rejected":1.9509137868881226,"train/grad_norm":4.733434200286865}