{"train_samples_per_second":1.746,"train_loss":0.5227956608366623,"train/epoch":2,"train/logits/rejected":2.3509604930877686,"train/logps/rejected":-205.2531280517578,"train/logits/chosen":2.2665369510650635,"train/rewards/accuracies":0.8214285969734192,"train/rewards/margins":0.9466890692710876,"train/learning_rate":2.2575144693319838e-10,"train/rewards/rejected":-0.8536129593849182,"train/loss":0.3039,"_wandb":{"runtime":5122},"total_flos":0,"train/rewards/chosen":0.09307610988616943,"train_runtime":5091.3291,"train/global_step":278,"train/grad_norm":22.412633895874023,"traindata/num_datapoints":4444,"train_steps_per_second":0.055,"traindata/score_threshold":-120.55861000000002,"train/logps/chosen":-206.395751953125,"_step":279,"_timestamp":1.7643235870344741e+09,"_runtime":5122}