{"train/loss":0.4044,"train/learning_rate":8.798228012243382e-10,"_step":161,"total_flos":0,"train_steps_per_second":0.017,"train/global_step":160,"_runtime":9293,"train/logits/chosen":26.29540252685547,"train/logps/rejected":-286.763671875,"train/rewards/chosen":1.422317624092102,"train/logits/rejected":25.96196937561035,"train_samples_per_second":0.553,"traindata/num_datapoints":2559,"_timestamp":1.7643818000069072e+09,"traindata/score_threshold":-604.7394299999999,"train_loss":0.18875722339143977,"train/logps/chosen":-300.799072265625,"train/grad_norm":57.75975036621094,"train/rewards/accuracies":0.9032257795333862,"_wandb":{"runtime":9293},"train_runtime":9261.6259,"train/epoch":2,"train/rewards/margins":6.070221900939941,"train/rewards/rejected":-4.647904872894287}