{"train/rewards/margins":0.9792625904083252,"train/global_step":214,"_runtime":3130,"train/logits/chosen":2.3847029209136963,"train_runtime":3104.2265,"train_steps_per_second":0.069,"train/rewards/chosen":0.0050734286196529865,"train/epoch":2,"_wandb":{"runtime":3130},"_step":215,"train/grad_norm":33.73434066772461,"train/rewards/accuracies":0.9230769276618958,"train_loss":0.45425215676844677,"train/logps/rejected":-344.5782775878906,"train_samples_per_second":2.194,"total_flos":0,"traindata/num_datapoints":3405,"train/logps/chosen":-289.59912109375,"_timestamp":1.7640259262854812e+09,"train/logits/rejected":2.4292423725128174,"train/rewards/rejected":-0.9741891622543335,"train/learning_rate":6.023645626144854e-10,"traindata/score_threshold":-574.06,"train/loss":0.2317}