{"train/logits/chosen":-1.7205853462219238,"train/global_step":6,"train/epoch":2,"train/logits/rejected":-1.6364021301269531,"train/rewards/margins":1.0882384777069092,"_runtime":143,"_step":7,"train_runtime":123.4707,"train_steps_per_second":0.049,"train_samples_per_second":1.166,"train/learning_rate":1.0591621816063715e-06,"traindata/num_datapoints":72,"train/rewards/accuracies":0.875,"traindata/score_threshold":-14850.89,"train/grad_norm":895.601806640625,"train/rewards/chosen":-0.29583740234375,"train/rewards/rejected":-1.3840759992599487,"train/loss":0.754,"_timestamp":1.7641075403480933e+09,"total_flos":0,"train/logps/chosen":-828.832275390625,"train/logps/rejected":-783.2293090820312,"train_loss":1.2405432065327961,"_wandb":{"runtime":143}}