{"train/grad_norm":21.26331329345703,"train_steps_per_second":0.047,"train/logits/chosen":-7.542339324951172,"train/rewards/accuracies":0.9523809552192688,"_step":113,"train/logps/chosen":-217.05784606933594,"train/logps/rejected":-252.02731323242188,"total_flos":0,"train_runtime":2384.9012,"train/rewards/chosen":0.4139593541622162,"train_loss":0.6204745820723474,"train/loss":0.1803,"train/learning_rate":1.554945751214447e-09,"train/logits/rejected":-7.641559600830078,"_runtime":2405,"traindata/num_datapoints":1781,"traindata/score_threshold":-546.72,"train/rewards/margins":1.419850468635559,"train/epoch":2,"train_samples_per_second":1.494,"train/rewards/rejected":-1.00589120388031,"_wandb":{"runtime":2405},"_timestamp":1.7641296979399652e+09,"train/global_step":112}