{"train/loss":0.1965,"train/learning_rate":6.379779238142421e-10,"train/rewards/chosen":0.1326787918806076,"train_steps_per_second":0.045,"train/rewards/rejected":-1.1404073238372803,"_step":159,"train/global_step":158,"train_samples_per_second":1.438,"train/rewards/accuracies":0.8799999952316284,"train/rewards/margins":1.2730860710144043,"total_flos":0,"train_loss":1.2617051575474347,"train/logits/rejected":-7.602870464324951,"train/logits/chosen":-7.407695293426514,"traindata/score_threshold":-541.75,"train/epoch":2,"train/grad_norm":24.131406784057617,"train_runtime":3505.7005,"_runtime":3529,"_wandb":{"runtime":3529},"_timestamp":1.7641434406660185e+09,"train/logps/chosen":-267.3160705566406,"traindata/num_datapoints":2521,"train/logps/rejected":-272.89105224609375}