{"train_runtime":10223.2322,"train/logps/rejected":-315.8216857910156,"train/logps/chosen":-286.87249755859375,"train/rewards/margins":0.694074809551239,"train/rewards/chosen":0.3059142827987671,"train_samples_per_second":1.79,"_step":573,"traindata/score_threshold":-574.06,"_timestamp":1.7640579582590463e+09,"_wandb":{"runtime":10279},"train/rewards/rejected":-0.3881605267524719,"train/grad_norm":13.827775955200195,"traindata/num_datapoints":9152,"train/logits/chosen":2.2869338989257812,"total_flos":0,"train/epoch":2,"train/learning_rate":5.332509120511076e-11,"train_loss":0.48345383186336166,"train/rewards/accuracies":0.78125,"train_steps_per_second":0.056,"train/logits/rejected":2.204603910446167,"_runtime":10279,"train/loss":0.3909,"train/global_step":572}