{"_timestamp":1.7643060930931804e+09,"train/rewards/accuracies":0.8064516186714172,"train/learning_rate":1.163156782839462e-09,"train_runtime":2343.0912,"train/logps/chosen":-173.99070739746094,"train/grad_norm":13.67756175994873,"train_samples_per_second":2.102,"_step":155,"train/epoch":2,"traindata/num_datapoints":2463,"train/rewards/rejected":-0.739058256149292,"total_flos":0,"train/logps/rejected":-196.3648223876953,"train/global_step":154,"train/logits/rejected":2.326155424118042,"train/logits/chosen":2.2614376544952393,"_runtime":2362,"traindata/score_threshold":-190.37506000000008,"train/loss":0.3047,"train_steps_per_second":0.066,"train_loss":0.48797586792475217,"_wandb":{"runtime":2362},"train/rewards/margins":0.7699658870697021,"train/rewards/chosen":0.03090762160718441}