{"train_loss":0.24369354214033354,"total_flos":0,"train/rewards/accuracies":0.75,"train/learning_rate":3.25894404649216e-09,"train/rewards/margins":5.7283101081848145,"train_runtime":4928.5781,"train/rewards/rejected":-4.143953323364258,"_runtime":4954,"train/logps/rejected":-307.91796875,"traindata/score_threshold":-1509.4955500000003,"train/grad_norm":11.988632202148438,"_timestamp":1.7643680469914403e+09,"_step":93,"train_steps_per_second":0.019,"train_samples_per_second":0.588,"train/loss":0.2808,"train/logps/chosen":-259.0954895019531,"_wandb":{"runtime":4954},"train/rewards/chosen":1.5843567848205566,"train/logits/chosen":25.519664764404297,"traindata/num_datapoints":1448,"train/epoch":2,"train/logits/rejected":25.73753547668457,"train/global_step":92}