{"train/rewards/accuracies":0.8181818127632141,"train/rewards/chosen":0.4194977581501007,"_wandb":{"runtime":1211},"traindata/score_threshold":-549.2,"train/logps/rejected":-273.6840515136719,"_step":63,"_runtime":1211,"train/logps/chosen":-228.37078857421875,"train/grad_norm":31.560815811157227,"train_runtime":1195.1133,"total_flos":0,"train/rewards/rejected":-1.069136619567871,"train_samples_per_second":1.625,"train/global_step":62,"train/rewards/margins":1.488634467124939,"traindata/num_datapoints":971,"train/logits/chosen":-7.807799816131592,"train/epoch":2,"train_loss":0.6002151324383674,"_timestamp":1.7641184364217262e+09,"train_steps_per_second":0.052,"train/loss":0.2388,"train/learning_rate":7.174943035398855e-09,"train/logits/rejected":-7.713866710662842}