{"train/logps/chosen":-163.7545623779297,"traindata/score_threshold":-120.92324000000002,"train/learning_rate":1.0471347463904907e-10,"train/rewards/accuracies":0.9444444179534912,"train/logps/rejected":-195.36819458007812,"_runtime":7445,"train/rewards/chosen":0.0987175926566124,"train_loss":0.5147756240306757,"_step":391,"train/rewards/rejected":-0.7225192189216614,"train_steps_per_second":0.053,"traindata/num_datapoints":6226,"train/grad_norm":24.351831436157227,"train/logits/rejected":2.4165122509002686,"total_flos":0,"train/epoch":2,"_wandb":{"runtime":7445},"train/rewards/margins":0.8212369084358215,"train/global_step":390,"_timestamp":1.7643333287525458e+09,"train_samples_per_second":1.681,"train_runtime":7405.6682,"train/logits/chosen":2.2738897800445557,"train/loss":0.3006}