{"train/rewards/margins":1.072150707244873,"train_loss":0.39194902232182877,"traindata/score_threshold":-633.7,"train/logits/rejected":2.317692518234253,"train/logits/chosen":2.180711507797241,"train/learning_rate":3.109891502428894e-09,"train_samples_per_second":2.516,"traindata/num_datapoints":1779,"total_flos":0,"train/rewards/accuracies":0.8947368264198303,"train_runtime":1413.9369,"train/loss":0.1183,"train/rewards/chosen":-0.24585089087486267,"train/grad_norm":19.53750228881836,"_runtime":1435,"train/rewards/rejected":-1.318001627922058,"_step":113,"train/logps/chosen":-296.2203674316406,"train/epoch":2,"_timestamp":1.7640201508687367e+09,"_wandb":{"runtime":1435},"train/logps/rejected":-345.32354736328125,"train_steps_per_second":0.079,"train/global_step":112}