{"train_loss":0.45532655754324164,"train/rewards/chosen":-0.428506463766098,"train/epoch":2,"train/logps/chosen":-298.58599853515625,"_runtime":5188,"_timestamp":1.764033905386528e+09,"train/rewards/rejected":-0.8697845935821533,"traindata/score_threshold":-574.06,"train_samples_per_second":2.038,"_wandb":{"runtime":5188},"_step":331,"train/grad_norm":203.7684783935547,"train/logits/rejected":2.356799364089966,"train/logits/chosen":2.3337631225585938,"train_steps_per_second":0.064,"train/global_step":330,"train_runtime":5153.9439,"traindata/num_datapoints":5252,"train/loss":0.956,"train/logps/rejected":-338.366455078125,"train/rewards/accuracies":0.5,"train/learning_rate":2.0683211420731523e-10,"train/rewards/margins":0.4412781000137329,"total_flos":0}