{"train/logps/chosen":-226.2733154296875,"traindata/num_datapoints":21,"_step":25,"_wandb":{"runtime":147},"train/global_step":2,"train_samples_per_second":3.48,"train/logits/rejected":1.9453212022781372,"train/logits/chosen":1.9834504127502441,"_runtime":147,"train_runtime":12.0701,"train/logps/rejected":-383.64166259765625,"total_flos":0,"train/loss":0.0152,"train/grad_norm":5.121582984924316,"train_loss":0.35416349535807967,"train/rewards/rejected":-1.9869760274887085,"_timestamp":1.7639586589224625e+09,"train/learning_rate":5e-05,"train/epoch":2,"train/rewards/margins":5.711917877197266,"train_steps_per_second":0.166,"train/rewards/accuracies":1,"traindata/score_threshold":-551.044,"train/rewards/chosen":3.724942207336426}