{"_runtime":2957,"traindata/score_threshold":-10000,"train_samples_per_second":0.742,"train/global_step":68,"train/rewards/accuracies":0.8125,"total_flos":0,"train_loss":0.2778759031173061,"_timestamp":1.7643588410892284e+09,"_step":69,"train/rewards/chosen":1.8866982460021973,"train/epoch":2,"train/loss":0.2118,"train/rewards/margins":6.47690486907959,"train/learning_rate":8.435574863236117e-09,"train_runtime":2931.1875,"train/logps/chosen":-340.7392578125,"_wandb":{"runtime":2957},"train/grad_norm":1.7494404315948486,"traindata/num_datapoints":1088,"train/rewards/rejected":-4.590206623077393,"train/logits/chosen":26.125720977783203,"train/logits/rejected":25.21576499938965,"train_steps_per_second":0.023,"train/logps/rejected":-312.38739013671875}