{"traindata/score_threshold":-3301.3008,"_runtime":1498,"train/rewards/margins":0.8622416257858276,"train/loss":0.356,"train/epoch":2,"train/rewards/accuracies":0.8571428656578064,"_wandb":{"runtime":1498},"train/logps/chosen":-193.93724060058594,"train/logits/rejected":2.2497315406799316,"_step":107,"train/rewards/chosen":-0.006581761874258518,"_timestamp":1.7643020825786207e+09,"train_steps_per_second":0.072,"total_flos":0,"train_loss":0.4477984106765603,"train/learning_rate":3.471892243502964e-09,"train/rewards/rejected":-0.868823230266571,"train/grad_norm":24.76882553100586,"train/logits/chosen":2.2278380393981934,"traindata/num_datapoints":1692,"train_samples_per_second":2.291,"train_runtime":1477.0609,"train/global_step":106,"train/logps/rejected":-185.84249877929688}