{"train/rewards/chosen":0.3072693347930908,"train_runtime":1868.9297,"train/learning_rate":2.7804815255326245e-09,"train/rewards/accuracies":0.8709677457809448,"train/rewards/rejected":-1.0500088930130005,"train/rewards/margins":1.3572782278060913,"_step":91,"train_samples_per_second":1.54,"_runtime":1887,"_wandb":{"runtime":1887},"traindata/score_threshold":-549.2,"train/grad_norm":110.67638397216797,"train/loss":0.5724,"train/epoch":2,"train/logps/rejected":-261.2689514160156,"traindata/num_datapoints":1439,"train/global_step":90,"total_flos":0,"train/logits/chosen":-7.5006279945373535,"train_steps_per_second":0.048,"train/logits/rejected":-7.605625629425049,"_timestamp":1.764123764574592e+09,"train/logps/chosen":-303.0121154785156,"train_loss":0.5344096969399187}