{"_runtime":2958,"train/loss":0.0846,"train/logits/chosen":-7.723730564117432,"_step":137,"train_runtime":2935.5194,"_wandb":{"runtime":2958},"train/learning_rate":9.432517671343623e-10,"train_loss":1.7379776889677434,"train/logps/chosen":-250.21336364746094,"train/rewards/margins":1.8333708047866821,"train/rewards/accuracies":1,"train/logits/rejected":-8.151260375976562,"train_samples_per_second":1.465,"train_steps_per_second":0.046,"train/rewards/rejected":-1.8574737310409546,"train/logps/rejected":-233.70191955566406,"_timestamp":1.7641362300920417e+09,"total_flos":0,"traindata/num_datapoints":2150,"train/epoch":2,"train/rewards/chosen":-0.024103038012981415,"traindata/score_threshold":-541.75,"train/global_step":136,"train/grad_norm":90.51280975341797}