{"train/epoch":2,"train/grad_norm":304.4078674316406,"_step":47,"traindata/score_threshold":-574.06,"train/global_step":46,"train/rewards/margins":1.676176905632019,"train/logits/chosen":-7.52752161026001,"train_runtime":845.0909,"train_steps_per_second":0.054,"train/logits/rejected":-7.637714385986328,"train/logps/rejected":-319.839599609375,"train/rewards/chosen":1.1878321170806885,"total_flos":0,"_runtime":861,"train_loss":3.092395478292652,"train_samples_per_second":1.735,"train/loss":0.4585,"train/learning_rate":1.8429997773634852e-08,"_wandb":{"runtime":861},"_timestamp":1.7641137892343922e+09,"train/rewards/accuracies":0.8275862336158752,"train/rewards/rejected":-0.4883444905281067,"traindata/num_datapoints":733,"train/logps/chosen":-301.5126647949219}