{"train_samples_per_second":1.964,"_runtime":2869,"train_steps_per_second":0.062,"train/rewards/accuracies":0.6666666865348816,"train/epoch":2,"train/rewards/rejected":-0.6187907457351685,"_wandb":{"runtime":2869},"train_runtime":2847.1813,"total_flos":0,"traindata/score_threshold":-148.41005,"train/global_step":176,"train/logits/chosen":2.1955020427703857,"train/logits/rejected":2.3065855503082275,"train/logps/rejected":-191.39854431152344,"train_loss":0.5305507876486941,"train/learning_rate":7.271303363985298e-10,"train/logps/chosen":-198.2320098876953,"train/rewards/margins":0.4080642759799957,"train/rewards/chosen":-0.21072642505168915,"_timestamp":1.764310628547585e+09,"train/grad_norm":60.32199478149414,"_step":177,"train/loss":0.5602,"traindata/num_datapoints":2796}